,name,parking,geometry,capacity,capacity:disabled,area,efficiency,area_percent
498593333,Providence Station Garage,underground,"POLYGON ((299683.2294669098 4633622.401281131, 299641.7262527208 4633661.260776518, 299580.5685415958 4633597.26070868, 299610.6976124599 4633549.374968343, 299683.2294669098 4633622.401281131))",330,,5353.111409080942,16.221549724487705,0.26524517908828443
764264706,100 Westminster Street Parking Garage,underground,"POLYGON ((299768.9117583312 4633147.69498667, 299761.4700365396 4633140.792004926, 299751.7410641724 4633131.764113966, 299792.8568436996 4633086.960156977, 299810.437102611 4633103.268564634, 299768.9117583312 4633147.69498667))",115,,1441.294835548535,12.532998569987262,0.07141575759577286
764441929,121 South Main St Garage,underground,"POLYGON ((300127.3212696437 4633021.560579958, 300098.5758941896 4633006.931211804, 300086.7122261382 4633033.822338128, 300118.1000862779 4633048.133115814, 300124.2369781684 4633030.436906654, 300127.3212696437 4633021.560579958))",160,,956.2318122750246,5.9764488267189035,0.04738101991797506
764441930,Packet Garage,underground,"POLYGON ((300124.9821368806 4632957.674475924, 300103.7533662857 4632991.18431873, 300137.6734112315 4633012.502789494, 300158.9022620212 4632978.993049887, 300129.6526392903 4632960.610589813, 300124.9821368806 4632957.674475924))",75,,1589.2093932557016,21.189458576742688,0.07874488272517824
765290065,Avalon at Center Place,underground,"POLYGON ((299656.4013797877 4633500.851733999, 299641.8970781912 4633531.285051705, 299679.5970565743 4633567.363498879, 299694.5078345061 4633552.876275849, 299670.2166928515 4633526.35551188, 299674.5696792166 4633520.065819275, 299656.4013797877 4633500.851733999))",371,,1471.5998214897743,3.96657633824737,0.07291736120701396
