,count,disabled_count,area_sum,area_mean,area_median,area_percent_sum,area_percent_mean,area_percent_median,capacity_sum,capacity_mean,capacity_median,capacity:disabled_sum,capacity:disabled_mean,capacity:disabled_median,efficiency_sum,efficiency_mean,efficiency_median,count_disabled
surface,188.0,,249230.90373978886,1325.6962964882387,740.5228846092969,12.349321851335242,0.06568788218795342,0.036692702642796046,8135.0,43.27127659574468,27.0,164.0,2.9285714285714284,2.0,5965.994861426992,31.734015220356344,28.87893999664135,56.0
structured,14.0,,84140.20125559848,6010.014375399892,3182.3330110658735,4.169123533036496,0.2977945380740354,0.15768371418663363,13469.0,962.0714285714286,525.0,33.0,33.0,33.0,108.09874178115575,7.721338698653982,6.466172094837988,1.0
underground,5.0,,,,,,,,1051.0,210.2,160.0,0.0,,,,,,0.0
street,,,30745.23915456,,,1.5234180353185496,,,2163.0,,,,,,14.21416512,,,
