,count,disabled_count,area_sum,area_mean,area_median,area_percent_sum,area_percent_mean,area_percent_median,capacity_sum,capacity_mean,capacity_median,capacity:disabled_sum,capacity:disabled_mean,capacity:disabled_median,efficiency_sum,efficiency_mean,efficiency_median,count_disabled
surface,194.0,,253044.740714962,1304.3543335822785,754.5608393717041,12.535726368803363,0.06461714623094517,0.03738061571346059,8311.0,42.84020618556701,27.0,167.0,2.9298245614035086,2.0,6158.319035944898,31.743912556417,28.878939996654097,57.0
structured,19.0,,93390.29115981574,4915.278482095565,3010.0763833428246,4.626514394942743,0.2435007576285654,0.1491178745077621,13904.0,731.7894736842105,350.0,127.0,63.5,63.5,189.19557312512794,9.957661743427787,7.253895670500904,2.0
underground,11.0,,,,,,,,1832.0,166.54545454545453,160.0,9.0,9.0,9.0,,,,1.0
street,,,31555.4465664,,,1.5632430948144844,,,2220.0,,,,,,14.21416512,,,
