,count,disabled_count,area_sum,area_mean,area_median,area_percent_sum,area_percent_mean,area_percent_median,capacity_sum,capacity_mean,capacity_median,capacity:disabled_sum,capacity:disabled_mean,capacity:disabled_median,efficiency_sum,efficiency_mean,efficiency_median,count_disabled
surface,191.0,,253181.22432478383,1325.5561482972976,761.5853432738984,12.54505913586955,0.06568093788413377,0.03773634160219722,8296.0,43.43455497382199,27.0,164.0,2.9285714285714284,2.0,6060.130955699411,31.728434323033564,28.81018763415959,56.0
structured,15.0,,84847.14487877756,5656.476325251837,3100.4129704065053,4.2041523926296955,0.280276826175313,0.1536245989926638,13534.0,902.2666666666667,450.0,127.0,63.5,63.5,118.9747975223721,7.93165316815814,6.562430070013163,2.0
underground,7.0,,,,,,,,1476.0,210.85714285714286,175.0,9.0,9.0,9.0,,,,1.0
street,,,30745.23915456,,,1.5234180353185496,,,2163.0,,,,,,14.21416512,,,
