,count,disabled_count,area_sum,area_mean,area_median,area_percent_sum,area_percent_mean,area_percent_median,capacity_sum,capacity_mean,capacity_median,capacity:disabled_sum,capacity:disabled_mean,capacity:disabled_median,efficiency_sum,efficiency_mean,efficiency_median,count_disabled
surface,193.0,,253332.62490193392,1312.6042741032845,747.5363354695448,12.552560992291241,0.06503917612586135,0.03704021717916411,8320.0,43.10880829015544,27.0,164.0,2.9285714285714284,2.0,6102.002518191397,31.616593358504648,28.94769235912311,56.0
structured,16.0,,86721.75050371012,5420.109406481883,3055.2446768745212,4.297038579130811,0.2685649111956757,0.15138652263081573,13451.0,840.6875,445.0,127.0,63.5,63.5,139.74693352992213,8.734183345620133,6.8044115922867014,2.0
underground,11.0,,,,,,,,1832.0,166.54545454545453,160.0,9.0,9.0,9.0,,,,1.0
street,,,30745.23915456,,,1.5234180353185496,,,2163.0,,,,,,14.21416512,,,
